время,координата,плотность, вязкость, давление, разность давления
0,0,900,1.5e-05,6e+06,0
0,1000,900,1.5e-05,5.99161e+06,0
0,2000,900,1.5e-05,5.98323e+06,0
0,3000,900,1.5e-05,5.97484e+06,0
0,4000,900,1.5e-05,5.96646e+06,0
0,5000,900,1.5e-05,5.95807e+06,0
0,6000,900,1.5e-05,5.94969e+06,0
0,7000,900,1.5e-05,5.9413e+06,0
0,8000,900,1.5e-05,5.93292e+06,0
0,9000,900,1.5e-05,5.92453e+06,0
0,10000,900,1.5e-05,5.91615e+06,0
0,11000,900,1.5e-05,5.90776e+06,0
0,12000,900,1.5e-05,5.89938e+06,0
0,13000,900,1.5e-05,5.89099e+06,0
0,14000,900,1.5e-05,5.8826e+06,0
0,15000,900,1.5e-05,5.87422e+06,0
0,16000,900,1.5e-05,5.86583e+06,0
0,17000,900,1.5e-05,5.85745e+06,0
0,18000,900,1.5e-05,5.84906e+06,0
0,19000,900,1.5e-05,5.84068e+06,0
0,20000,900,1.5e-05,5.83229e+06,0
0,21000,900,1.5e-05,5.82391e+06,0
0,22000,900,1.5e-05,5.81552e+06,0
0,23000,900,1.5e-05,5.80714e+06,0
0,24000,900,1.5e-05,5.79875e+06,0
0,25000,900,1.5e-05,5.79037e+06,0
0,26000,900,1.5e-05,5.78198e+06,0
0,27000,900,1.5e-05,5.7736e+06,0
0,28000,900,1.5e-05,5.76521e+06,0
0,29000,900,1.5e-05,5.75682e+06,0
0,30000,900,1.5e-05,5.74844e+06,0
0,31000,900,1.5e-05,5.74005e+06,0
0,32000,900,1.5e-05,5.73167e+06,0
0,33000,900,1.5e-05,5.72328e+06,0
0,34000,900,1.5e-05,5.7149e+06,0
0,35000,900,1.5e-05,5.70651e+06,0
0,36000,900,1.5e-05,5.69813e+06,0
0,37000,900,1.5e-05,5.68974e+06,0
0,38000,900,1.5e-05,5.68136e+06,0
0,39000,900,1.5e-05,5.67297e+06,0
0,40000,900,1.5e-05,5.66459e+06,0
0,41000,900,1.5e-05,5.6562e+06,0
0,42000,900,1.5e-05,5.64781e+06,0
0,43000,900,1.5e-05,5.63943e+06,0
0,44000,900,1.5e-05,5.63104e+06,0
0,45000,900,1.5e-05,5.62266e+06,0
0,46000,900,1.5e-05,5.61427e+06,0
0,47000,900,1.5e-05,5.60589e+06,0
0,48000,900,1.5e-05,5.5975e+06,0
0,49000,900,1.5e-05,5.58912e+06,0
0,50000,900,1.5e-05,5.58073e+06,0
0,51000,900,1.5e-05,5.57235e+06,0
0,52000,900,1.5e-05,5.56396e+06,0
0,53000,900,1.5e-05,5.55558e+06,0
0,54000,900,1.5e-05,5.54719e+06,0
0,55000,900,1.5e-05,5.53881e+06,0
0,56000,900,1.5e-05,5.53042e+06,0
0,57000,900,1.5e-05,5.52203e+06,0
0,58000,900,1.5e-05,5.51365e+06,0
0,59000,900,1.5e-05,5.50526e+06,0
0,60000,900,1.5e-05,5.49688e+06,0
0,61000,900,1.5e-05,5.48849e+06,0
0,62000,900,1.5e-05,5.48011e+06,0
0,63000,900,1.5e-05,5.47172e+06,0
0,64000,900,1.5e-05,5.46334e+06,0
0,65000,900,1.5e-05,5.45495e+06,0
0,66000,900,1.5e-05,5.44657e+06,0
0,67000,900,1.5e-05,5.43818e+06,0
0,68000,900,1.5e-05,5.4298e+06,0
0,69000,900,1.5e-05,5.42141e+06,0
0,70000,900,1.5e-05,5.41302e+06,0
0,71000,900,1.5e-05,5.40464e+06,0
0,72000,900,1.5e-05,5.39625e+06,0
0,73000,900,1.5e-05,5.38787e+06,0
0,74000,900,1.5e-05,5.37948e+06,0
0,75000,900,1.5e-05,5.3711e+06,0
0,76000,900,1.5e-05,5.36271e+06,0
0,77000,900,1.5e-05,5.35433e+06,0
0,78000,900,1.5e-05,5.34594e+06,0
0,79000,900,1.5e-05,5.33756e+06,0
0,80000,900,1.5e-05,5.32917e+06,0
0,81000,900,1.5e-05,5.32079e+06,0
0,82000,900,1.5e-05,5.3124e+06,0
0,83000,900,1.5e-05,5.30401e+06,0
0,84000,900,1.5e-05,5.29563e+06,0
0,85000,900,1.5e-05,5.28724e+06,0
0,86000,900,1.5e-05,5.27886e+06,0
0,87000,900,1.5e-05,5.27047e+06,0
0,88000,900,1.5e-05,5.26209e+06,0
0,89000,900,1.5e-05,5.2537e+06,0
0,90000,900,1.5e-05,5.24532e+06,0
0,91000,900,1.5e-05,5.23693e+06,0
0,92000,900,1.5e-05,5.22855e+06,0
0,93000,900,1.5e-05,5.22016e+06,0
0,94000,900,1.5e-05,5.21178e+06,0
0,95000,900,1.5e-05,5.20339e+06,0
0,96000,900,1.5e-05,5.19501e+06,0
0,97000,900,1.5e-05,5.18662e+06,0
0,98000,900,1.5e-05,5.17823e+06,0
0,99000,900,1.5e-05,5.16985e+06,0
0,100000,900,1.5e-05,5.16146e+06,0
1924.17,0,900,1.5e-05,5.8e+06,-200000
1924.17,1000,900,1.5e-05,5.79133e+06,-200282
1924.17,2000,900,1.5e-05,5.78266e+06,-200565
1924.17,3000,900,1.5e-05,5.774e+06,-200847
1924.17,4000,900,1.5e-05,5.76533e+06,-201130
1924.17,5000,900,1.5e-05,5.75666e+06,-201412
1924.17,6000,900,1.5e-05,5.74799e+06,-201695
1924.17,7000,900,1.5e-05,5.73933e+06,-201977
1924.17,8000,900,1.5e-05,5.73066e+06,-202260
1924.17,9000,900,1.5e-05,5.72199e+06,-202542
1924.17,10000,900,1.5e-05,5.71332e+06,-202825
1924.17,11000,900,1.5e-05,5.70465e+06,-203107
1924.17,12000,900,1.5e-05,5.69599e+06,-203390
1924.17,13000,900,1.5e-05,5.68732e+06,-203672
1924.17,14000,900,1.5e-05,5.67865e+06,-203955
1924.17,15000,900,1.5e-05,5.66998e+06,-204237
1924.17,16000,900,1.5e-05,5.66131e+06,-204520
1924.17,17000,900,1.5e-05,5.65265e+06,-204802
1924.17,18000,900,1.5e-05,5.64398e+06,-205085
1924.17,19000,900,1.5e-05,5.63531e+06,-205367
1924.17,20000,900,1.5e-05,5.62664e+06,-205650
1924.17,21000,900,1.5e-05,5.61798e+06,-205932
1924.17,22000,900,1.5e-05,5.60931e+06,-206214
1924.17,23000,900,1.5e-05,5.60064e+06,-206497
1924.17,24000,900,1.5e-05,5.59197e+06,-206779
1924.17,25000,900,1.5e-05,5.5833e+06,-207062
1924.17,26000,900,1.5e-05,5.57464e+06,-207344
1924.17,27000,900,1.5e-05,5.56597e+06,-207627
1924.17,28000,900,1.5e-05,5.5573e+06,-207909
1924.17,29000,900,1.5e-05,5.54863e+06,-208192
1924.17,30000,900,1.5e-05,5.53996e+06,-208474
1924.17,31000,900,1.5e-05,5.5313e+06,-208757
1924.17,32000,900,1.5e-05,5.52263e+06,-209039
1924.17,33000,900,1.5e-05,5.51396e+06,-209322
1924.17,34000,900,1.5e-05,5.50529e+06,-209604
1924.17,35000,900,1.5e-05,5.49663e+06,-209887
1924.17,36000,900,1.5e-05,5.48796e+06,-210169
1924.17,37000,900,1.5e-05,5.47929e+06,-210452
1924.17,38000,900,1.5e-05,5.47062e+06,-210734
1924.17,39000,900,1.5e-05,5.46195e+06,-211017
1924.17,40000,900,1.5e-05,5.45329e+06,-211299
1924.17,41000,900,1.5e-05,5.44462e+06,-211582
1924.17,42000,900,1.5e-05,5.43595e+06,-211864
1924.17,43000,900,1.5e-05,5.42728e+06,-212147
1924.17,44000,900,1.5e-05,5.41862e+06,-212429
1924.17,45000,900,1.5e-05,5.40995e+06,-212711
1924.17,46000,900,1.5e-05,5.40128e+06,-212994
1924.17,47000,900,1.5e-05,5.39261e+06,-213276
1924.17,48000,900,1.5e-05,5.38394e+06,-213559
1924.17,49000,900,1.5e-05,5.37528e+06,-213841
1924.17,50000,900,1.5e-05,5.36661e+06,-214124
1924.17,51000,900,1.5e-05,5.35794e+06,-214406
1924.17,52000,900,1.5e-05,5.34927e+06,-214689
1924.17,53000,900,1.5e-05,5.3406e+06,-214971
1924.17,54000,900,1.5e-05,5.33194e+06,-215254
1924.17,55000,900,1.5e-05,5.32327e+06,-215536
1924.17,56000,900,1.5e-05,5.3146e+06,-215819
1924.17,57000,900,1.5e-05,5.30593e+06,-216101
1924.17,58000,900,1.5e-05,5.29727e+06,-216384
1924.17,59000,900,1.5e-05,5.2886e+06,-216666
1924.17,60000,900,1.5e-05,5.27993e+06,-216949
1924.17,61000,900,1.5e-05,5.27126e+06,-217231
1924.17,62000,900,1.5e-05,5.26259e+06,-217514
1924.17,63000,900,1.5e-05,5.25393e+06,-217796
1924.17,64000,900,1.5e-05,5.24526e+06,-218079
1924.17,65000,900,1.5e-05,5.23659e+06,-218361
1924.17,66000,900,1.5e-05,5.22792e+06,-218643
1924.17,67000,900,1.5e-05,5.21925e+06,-218926
1924.17,68000,900,1.5e-05,5.21059e+06,-219208
1924.17,69000,900,1.5e-05,5.20192e+06,-219491
1924.17,70000,900,1.5e-05,5.19325e+06,-219773
1924.17,71000,900,1.5e-05,5.18458e+06,-220056
1924.17,72000,900,1.5e-05,5.17592e+06,-220338
1924.17,73000,900,1.5e-05,5.16725e+06,-220621
1924.17,74000,900,1.5e-05,5.15858e+06,-220903
1924.17,75000,900,1.5e-05,5.14991e+06,-221186
1924.17,76000,900,1.5e-05,5.14124e+06,-221468
1924.17,77000,900,1.5e-05,5.13258e+06,-221751
1924.17,78000,900,1.5e-05,5.12391e+06,-222033
1924.17,79000,900,1.5e-05,5.11524e+06,-222316
1924.17,80000,900,1.5e-05,5.10657e+06,-222598
1924.17,81000,900,1.5e-05,5.09791e+06,-222881
1924.17,82000,900,1.5e-05,5.08924e+06,-223163
1924.17,83000,900,1.5e-05,5.08057e+06,-223446
1924.17,84000,900,1.5e-05,5.0719e+06,-223728
1924.17,85000,900,1.5e-05,5.06323e+06,-224011
1924.17,86000,900,1.5e-05,5.05457e+06,-224293
1924.17,87000,900,1.5e-05,5.0459e+06,-224575
1924.17,88000,900,1.5e-05,5.03723e+06,-224858
1924.17,89000,900,1.5e-05,5.02856e+06,-225140
1924.17,90000,900,1.5e-05,5.01989e+06,-225423
1924.17,91000,900,1.5e-05,5.01123e+06,-225705
1924.17,92000,900,1.5e-05,5.00256e+06,-225988
1924.17,93000,900,1.5e-05,4.99389e+06,-226270
1924.17,94000,900,1.5e-05,4.98522e+06,-226553
1924.17,95000,900,1.5e-05,4.97656e+06,-226835
1924.17,96000,900,1.5e-05,4.96789e+06,-227118
1924.17,97000,900,1.5e-05,4.95922e+06,-227400
1924.17,98000,900,1.5e-05,4.95055e+06,-227683
1924.17,99000,900,1.5e-05,4.94188e+06,-227965
1924.17,100000,900,1.5e-05,4.93322e+06,-228248
3665.08,0,880,1.3e-05,5.8e+06,-200000
3665.08,1000,900,1.5e-05,5.79115e+06,-200462
3665.08,2000,900,1.5e-05,5.7821e+06,-201126
3665.08,3000,900,1.5e-05,5.77306e+06,-201789
3665.08,4000,900,1.5e-05,5.76401e+06,-202452
3665.08,5000,900,1.5e-05,5.75496e+06,-203115
3665.08,6000,900,1.5e-05,5.74591e+06,-203779
3665.08,7000,900,1.5e-05,5.73686e+06,-204442
3665.08,8000,900,1.5e-05,5.72781e+06,-205105
3665.08,9000,900,1.5e-05,5.71876e+06,-205769
3665.08,10000,900,1.5e-05,5.70971e+06,-206432
3665.08,11000,900,1.5e-05,5.70067e+06,-207095
3665.08,12000,900,1.5e-05,5.69162e+06,-207759
3665.08,13000,900,1.5e-05,5.68257e+06,-208422
3665.08,14000,900,1.5e-05,5.67352e+06,-209085
3665.08,15000,900,1.5e-05,5.66447e+06,-209748
3665.08,16000,900,1.5e-05,5.65542e+06,-210412
3665.08,17000,900,1.5e-05,5.64637e+06,-211075
3665.08,18000,900,1.5e-05,5.63733e+06,-211738
3665.08,19000,900,1.5e-05,5.62828e+06,-212402
3665.08,20000,900,1.5e-05,5.61923e+06,-213065
3665.08,21000,900,1.5e-05,5.61018e+06,-213728
3665.08,22000,900,1.5e-05,5.60113e+06,-214392
3665.08,23000,900,1.5e-05,5.59208e+06,-215055
3665.08,24000,900,1.5e-05,5.58303e+06,-215718
3665.08,25000,900,1.5e-05,5.57398e+06,-216381
3665.08,26000,900,1.5e-05,5.56494e+06,-217045
3665.08,27000,900,1.5e-05,5.55589e+06,-217708
3665.08,28000,900,1.5e-05,5.54684e+06,-218371
3665.08,29000,900,1.5e-05,5.53779e+06,-219035
3665.08,30000,900,1.5e-05,5.52874e+06,-219698
3665.08,31000,900,1.5e-05,5.51969e+06,-220361
3665.08,32000,900,1.5e-05,5.51064e+06,-221025
3665.08,33000,900,1.5e-05,5.5016e+06,-221688
3665.08,34000,900,1.5e-05,5.49255e+06,-222351
3665.08,35000,900,1.5e-05,5.4835e+06,-223014
3665.08,36000,900,1.5e-05,5.47445e+06,-223678
3665.08,37000,900,1.5e-05,5.4654e+06,-224341
3665.08,38000,900,1.5e-05,5.45635e+06,-225004
3665.08,39000,900,1.5e-05,5.4473e+06,-225668
3665.08,40000,900,1.5e-05,5.43825e+06,-226331
3665.08,41000,900,1.5e-05,5.42921e+06,-226994
3665.08,42000,900,1.5e-05,5.42016e+06,-227658
3665.08,43000,900,1.5e-05,5.41111e+06,-228321
3665.08,44000,900,1.5e-05,5.40206e+06,-228984
3665.08,45000,900,1.5e-05,5.39301e+06,-229648
3665.08,46000,900,1.5e-05,5.38396e+06,-230311
3665.08,47000,900,1.5e-05,5.37491e+06,-230974
3665.08,48000,900,1.5e-05,5.36587e+06,-231637
3665.08,49000,900,1.5e-05,5.35682e+06,-232301
3665.08,50000,900,1.5e-05,5.34777e+06,-232964
3665.08,51000,900,1.5e-05,5.33872e+06,-233627
3665.08,52000,900,1.5e-05,5.32967e+06,-234291
3665.08,53000,900,1.5e-05,5.32062e+06,-234954
3665.08,54000,900,1.5e-05,5.31157e+06,-235617
3665.08,55000,900,1.5e-05,5.30252e+06,-236281
3665.08,56000,900,1.5e-05,5.29348e+06,-236944
3665.08,57000,900,1.5e-05,5.28443e+06,-237607
3665.08,58000,900,1.5e-05,5.27538e+06,-238270
3665.08,59000,900,1.5e-05,5.26633e+06,-238934
3665.08,60000,900,1.5e-05,5.25728e+06,-239597
3665.08,61000,900,1.5e-05,5.24823e+06,-240260
3665.08,62000,900,1.5e-05,5.23918e+06,-240924
3665.08,63000,900,1.5e-05,5.23014e+06,-241587
3665.08,64000,900,1.5e-05,5.22109e+06,-242250
3665.08,65000,900,1.5e-05,5.21204e+06,-242914
3665.08,66000,900,1.5e-05,5.20299e+06,-243577
3665.08,67000,900,1.5e-05,5.19394e+06,-244240
3665.08,68000,900,1.5e-05,5.18489e+06,-244903
3665.08,69000,900,1.5e-05,5.17584e+06,-245567
3665.08,70000,900,1.5e-05,5.16679e+06,-246230
3665.08,71000,900,1.5e-05,5.15775e+06,-246893
3665.08,72000,900,1.5e-05,5.1487e+06,-247557
3665.08,73000,900,1.5e-05,5.13965e+06,-248220
3665.08,74000,900,1.5e-05,5.1306e+06,-248883
3665.08,75000,900,1.5e-05,5.12155e+06,-249547
3665.08,76000,900,1.5e-05,5.1125e+06,-250210
3665.08,77000,900,1.5e-05,5.10345e+06,-250873
3665.08,78000,900,1.5e-05,5.09441e+06,-251536
3665.08,79000,900,1.5e-05,5.08536e+06,-252200
3665.08,80000,900,1.5e-05,5.07631e+06,-252863
3665.08,81000,900,1.5e-05,5.06726e+06,-253526
3665.08,82000,900,1.5e-05,5.05821e+06,-254190
3665.08,83000,900,1.5e-05,5.04916e+06,-254853
3665.08,84000,900,1.5e-05,5.04011e+06,-255516
3665.08,85000,900,1.5e-05,5.03106e+06,-256180
3665.08,86000,900,1.5e-05,5.02202e+06,-256843
3665.08,87000,900,1.5e-05,5.01297e+06,-257506
3665.08,88000,900,1.5e-05,5.00392e+06,-258169
3665.08,89000,900,1.5e-05,4.99487e+06,-258833
3665.08,90000,900,1.5e-05,4.98582e+06,-259496
3665.08,91000,900,1.5e-05,4.97677e+06,-260159
3665.08,92000,900,1.5e-05,4.96772e+06,-260823
3665.08,93000,900,1.5e-05,4.95868e+06,-261486
3665.08,94000,900,1.5e-05,4.94963e+06,-262149
3665.08,95000,900,1.5e-05,4.94058e+06,-262813
3665.08,96000,900,1.5e-05,4.93153e+06,-263476
3665.08,97000,900,1.5e-05,4.92248e+06,-264139
3665.08,98000,900,1.5e-05,4.91343e+06,-264802
3665.08,99000,900,1.5e-05,4.90438e+06,-265466
3665.08,100000,900,1.5e-05,4.89533e+06,-266129
5772.51,0,880,1.3e-05,5.9e+06,-100000
5772.51,1000,880,1.3e-05,5.89167e+06,-99948.9
5772.51,2000,900,1.5e-05,5.88319e+06,-100039
5772.51,3000,900,1.5e-05,5.87452e+06,-100321
5772.51,4000,900,1.5e-05,5.86585e+06,-100604
5772.51,5000,900,1.5e-05,5.85719e+06,-100886
5772.51,6000,900,1.5e-05,5.84852e+06,-101169
5772.51,7000,900,1.5e-05,5.83985e+06,-101451
5772.51,8000,900,1.5e-05,5.83118e+06,-101734
5772.51,9000,900,1.5e-05,5.82252e+06,-102016
5772.51,10000,900,1.5e-05,5.81385e+06,-102299
5772.51,11000,900,1.5e-05,5.80518e+06,-102581
5772.51,12000,900,1.5e-05,5.79651e+06,-102864
5772.51,13000,900,1.5e-05,5.78784e+06,-103146
5772.51,14000,900,1.5e-05,5.77918e+06,-103428
5772.51,15000,900,1.5e-05,5.77051e+06,-103711
5772.51,16000,900,1.5e-05,5.76184e+06,-103993
5772.51,17000,900,1.5e-05,5.75317e+06,-104276
5772.51,18000,900,1.5e-05,5.74451e+06,-104558
5772.51,19000,900,1.5e-05,5.73584e+06,-104841
5772.51,20000,900,1.5e-05,5.72717e+06,-105123
5772.51,21000,900,1.5e-05,5.7185e+06,-105406
5772.51,22000,900,1.5e-05,5.70983e+06,-105688
5772.51,23000,900,1.5e-05,5.70117e+06,-105971
5772.51,24000,900,1.5e-05,5.6925e+06,-106253
5772.51,25000,900,1.5e-05,5.68383e+06,-106536
5772.51,26000,900,1.5e-05,5.67516e+06,-106818
5772.51,27000,900,1.5e-05,5.66649e+06,-107101
5772.51,28000,900,1.5e-05,5.65783e+06,-107383
5772.51,29000,900,1.5e-05,5.64916e+06,-107666
5772.51,30000,900,1.5e-05,5.64049e+06,-107948
5772.51,31000,900,1.5e-05,5.63182e+06,-108231
5772.51,32000,900,1.5e-05,5.62316e+06,-108513
5772.51,33000,900,1.5e-05,5.61449e+06,-108796
5772.51,34000,900,1.5e-05,5.60582e+06,-109078
5772.51,35000,900,1.5e-05,5.59715e+06,-109360
5772.51,36000,900,1.5e-05,5.58848e+06,-109643
5772.51,37000,900,1.5e-05,5.57982e+06,-109925
5772.51,38000,900,1.5e-05,5.57115e+06,-110208
5772.51,39000,900,1.5e-05,5.56248e+06,-110490
5772.51,40000,900,1.5e-05,5.55381e+06,-110773
5772.51,41000,900,1.5e-05,5.54514e+06,-111055
5772.51,42000,900,1.5e-05,5.53648e+06,-111338
5772.51,43000,900,1.5e-05,5.52781e+06,-111620
5772.51,44000,900,1.5e-05,5.51914e+06,-111903
5772.51,45000,900,1.5e-05,5.51047e+06,-112185
5772.51,46000,900,1.5e-05,5.50181e+06,-112468
5772.51,47000,900,1.5e-05,5.49314e+06,-112750
5772.51,48000,900,1.5e-05,5.48447e+06,-113033
5772.51,49000,900,1.5e-05,5.4758e+06,-113315
5772.51,50000,900,1.5e-05,5.46713e+06,-113598
5772.51,51000,900,1.5e-05,5.45847e+06,-113880
5772.51,52000,900,1.5e-05,5.4498e+06,-114163
5772.51,53000,900,1.5e-05,5.44113e+06,-114445
5772.51,54000,900,1.5e-05,5.43246e+06,-114728
5772.51,55000,900,1.5e-05,5.4238e+06,-115010
5772.51,56000,900,1.5e-05,5.41513e+06,-115292
5772.51,57000,900,1.5e-05,5.40646e+06,-115575
5772.51,58000,900,1.5e-05,5.39779e+06,-115857
5772.51,59000,900,1.5e-05,5.38912e+06,-116140
5772.51,60000,900,1.5e-05,5.38046e+06,-116422
5772.51,61000,900,1.5e-05,5.37179e+06,-116705
5772.51,62000,900,1.5e-05,5.36312e+06,-116987
5772.51,63000,900,1.5e-05,5.35445e+06,-117270
5772.51,64000,900,1.5e-05,5.34578e+06,-117552
5772.51,65000,900,1.5e-05,5.33712e+06,-117835
5772.51,66000,900,1.5e-05,5.32845e+06,-118117
5772.51,67000,900,1.5e-05,5.31978e+06,-118400
5772.51,68000,900,1.5e-05,5.31111e+06,-118682
5772.51,69000,900,1.5e-05,5.30245e+06,-118965
5772.51,70000,900,1.5e-05,5.29378e+06,-119247
5772.51,71000,900,1.5e-05,5.28511e+06,-119530
5772.51,72000,900,1.5e-05,5.27644e+06,-119812
5772.51,73000,900,1.5e-05,5.26777e+06,-120095
5772.51,74000,900,1.5e-05,5.25911e+06,-120377
5772.51,75000,900,1.5e-05,5.25044e+06,-120660
5772.51,76000,900,1.5e-05,5.24177e+06,-120942
5772.51,77000,900,1.5e-05,5.2331e+06,-121224
5772.51,78000,900,1.5e-05,5.22443e+06,-121507
5772.51,79000,900,1.5e-05,5.21577e+06,-121789
5772.51,80000,900,1.5e-05,5.2071e+06,-122072
5772.51,81000,900,1.5e-05,5.19843e+06,-122354
5772.51,82000,900,1.5e-05,5.18976e+06,-122637
5772.51,83000,900,1.5e-05,5.1811e+06,-122919
5772.51,84000,900,1.5e-05,5.17243e+06,-123202
5772.51,85000,900,1.5e-05,5.16376e+06,-123484
5772.51,86000,900,1.5e-05,5.15509e+06,-123767
5772.51,87000,900,1.5e-05,5.14642e+06,-124049
5772.51,88000,900,1.5e-05,5.13776e+06,-124332
5772.51,89000,900,1.5e-05,5.12909e+06,-124614
5772.51,90000,900,1.5e-05,5.12042e+06,-124897
5772.51,91000,900,1.5e-05,5.11175e+06,-125179
5772.51,92000,900,1.5e-05,5.10309e+06,-125462
5772.51,93000,900,1.5e-05,5.09442e+06,-125744
5772.51,94000,900,1.5e-05,5.08575e+06,-126027
5772.51,95000,900,1.5e-05,5.07708e+06,-126309
5772.51,96000,900,1.5e-05,5.06841e+06,-126592
5772.51,97000,900,1.5e-05,5.05975e+06,-126874
5772.51,98000,900,1.5e-05,5.05108e+06,-127157
5772.51,99000,900,1.5e-05,5.04241e+06,-127439
5772.51,100000,900,1.5e-05,5.03374e+06,-127721
8551.86,0,890,1.4e-05,5.9e+06,-100000
8551.86,1000,880,1.3e-05,5.89226e+06,-99356
8551.86,2000,880,1.3e-05,5.8846e+06,-98624.9
8551.86,3000,900,1.5e-05,5.87683e+06,-98012.7
8551.86,4000,900,1.5e-05,5.86888e+06,-97577
8551.86,5000,900,1.5e-05,5.86093e+06,-97141.4
8551.86,6000,900,1.5e-05,5.85298e+06,-96705.8
8551.86,7000,900,1.5e-05,5.84503e+06,-96270.2
8551.86,8000,900,1.5e-05,5.83708e+06,-95834.5
8551.86,9000,900,1.5e-05,5.82913e+06,-95398.9
8551.86,10000,900,1.5e-05,5.82118e+06,-94963.3
8551.86,11000,900,1.5e-05,5.81323e+06,-94527.7
8551.86,12000,900,1.5e-05,5.80528e+06,-94092
8551.86,13000,900,1.5e-05,5.79733e+06,-93656.4
8551.86,14000,900,1.5e-05,5.78938e+06,-93220.8
8551.86,15000,900,1.5e-05,5.78143e+06,-92785.2
8551.86,16000,900,1.5e-05,5.77348e+06,-92349.5
8551.86,17000,900,1.5e-05,5.76553e+06,-91913.9
8551.86,18000,900,1.5e-05,5.75759e+06,-91478.3
8551.86,19000,900,1.5e-05,5.74964e+06,-91042.7
8551.86,20000,900,1.5e-05,5.74169e+06,-90607
8551.86,21000,900,1.5e-05,5.73374e+06,-90171.4
8551.86,22000,900,1.5e-05,5.72579e+06,-89735.8
8551.86,23000,900,1.5e-05,5.71784e+06,-89300.2
8551.86,24000,900,1.5e-05,5.70989e+06,-88864.5
8551.86,25000,900,1.5e-05,5.70194e+06,-88428.9
8551.86,26000,900,1.5e-05,5.69399e+06,-87993.3
8551.86,27000,900,1.5e-05,5.68604e+06,-87557.7
8551.86,28000,900,1.5e-05,5.67809e+06,-87122
8551.86,29000,900,1.5e-05,5.67014e+06,-86686.4
8551.86,30000,900,1.5e-05,5.66219e+06,-86250.8
8551.86,31000,900,1.5e-05,5.65424e+06,-85815.2
8551.86,32000,900,1.5e-05,5.64629e+06,-85379.5
8551.86,33000,900,1.5e-05,5.63834e+06,-84943.9
8551.86,34000,900,1.5e-05,5.63039e+06,-84508.3
8551.86,35000,900,1.5e-05,5.62244e+06,-84072.7
8551.86,36000,900,1.5e-05,5.61449e+06,-83637
8551.86,37000,900,1.5e-05,5.60654e+06,-83201.4
8551.86,38000,900,1.5e-05,5.59859e+06,-82765.8
8551.86,39000,900,1.5e-05,5.59064e+06,-82330.2
8551.86,40000,900,1.5e-05,5.58269e+06,-81894.5
8551.86,41000,900,1.5e-05,5.57474e+06,-81458.9
8551.86,42000,900,1.5e-05,5.56679e+06,-81023.3
8551.86,43000,900,1.5e-05,5.55884e+06,-80587.7
8551.86,44000,900,1.5e-05,5.55089e+06,-80152
8551.86,45000,900,1.5e-05,5.54294e+06,-79716.4
8551.86,46000,900,1.5e-05,5.53499e+06,-79280.8
8551.86,47000,900,1.5e-05,5.52704e+06,-78845.2
8551.86,48000,900,1.5e-05,5.51909e+06,-78409.5
8551.86,49000,900,1.5e-05,5.51114e+06,-77973.9
8551.86,50000,900,1.5e-05,5.50319e+06,-77538.3
8551.86,51000,900,1.5e-05,5.49524e+06,-77102.7
8551.86,52000,900,1.5e-05,5.48729e+06,-76667
8551.86,53000,900,1.5e-05,5.47934e+06,-76231.4
8551.86,54000,900,1.5e-05,5.47139e+06,-75795.8
8551.86,55000,900,1.5e-05,5.46344e+06,-75360.2
8551.86,56000,900,1.5e-05,5.4555e+06,-74924.5
8551.86,57000,900,1.5e-05,5.44755e+06,-74488.9
8551.86,58000,900,1.5e-05,5.4396e+06,-74053.3
8551.86,59000,900,1.5e-05,5.43165e+06,-73617.7
8551.86,60000,900,1.5e-05,5.4237e+06,-73182
8551.86,61000,900,1.5e-05,5.41575e+06,-72746.4
8551.86,62000,900,1.5e-05,5.4078e+06,-72310.8
8551.86,63000,900,1.5e-05,5.39985e+06,-71875.2
8551.86,64000,900,1.5e-05,5.3919e+06,-71439.5
8551.86,65000,900,1.5e-05,5.38395e+06,-71003.9
8551.86,66000,900,1.5e-05,5.376e+06,-70568.3
8551.86,67000,900,1.5e-05,5.36805e+06,-70132.7
8551.86,68000,900,1.5e-05,5.3601e+06,-69697
8551.86,69000,900,1.5e-05,5.35215e+06,-69261.4
8551.86,70000,900,1.5e-05,5.3442e+06,-68825.8
8551.86,71000,900,1.5e-05,5.33625e+06,-68390.2
8551.86,72000,900,1.5e-05,5.3283e+06,-67954.5
8551.86,73000,900,1.5e-05,5.32035e+06,-67518.9
8551.86,74000,900,1.5e-05,5.3124e+06,-67083.3
8551.86,75000,900,1.5e-05,5.30445e+06,-66647.7
8551.86,76000,900,1.5e-05,5.2965e+06,-66212
8551.86,77000,900,1.5e-05,5.28855e+06,-65776.4
8551.86,78000,900,1.5e-05,5.2806e+06,-65340.8
8551.86,79000,900,1.5e-05,5.27265e+06,-64905.2
8551.86,80000,900,1.5e-05,5.2647e+06,-64469.5
8551.86,81000,900,1.5e-05,5.25675e+06,-64033.9
8551.86,82000,900,1.5e-05,5.2488e+06,-63598.3
8551.86,83000,900,1.5e-05,5.24085e+06,-63162.7
8551.86,84000,900,1.5e-05,5.2329e+06,-62727
8551.86,85000,900,1.5e-05,5.22495e+06,-62291.4
8551.86,86000,900,1.5e-05,5.217e+06,-61855.8
8551.86,87000,900,1.5e-05,5.20905e+06,-61420.2
8551.86,88000,900,1.5e-05,5.2011e+06,-60984.5
8551.86,89000,900,1.5e-05,5.19315e+06,-60548.9
8551.86,90000,900,1.5e-05,5.1852e+06,-60113.3
8551.86,91000,900,1.5e-05,5.17725e+06,-59677.7
8551.86,92000,900,1.5e-05,5.1693e+06,-59242
8551.86,93000,900,1.5e-05,5.16135e+06,-58806.4
8551.86,94000,900,1.5e-05,5.15341e+06,-58370.8
8551.86,95000,900,1.5e-05,5.14546e+06,-57935.2
8551.86,96000,900,1.5e-05,5.13751e+06,-57499.5
8551.86,97000,900,1.5e-05,5.12956e+06,-57063.9
8551.86,98000,900,1.5e-05,5.12161e+06,-56628.3
8551.86,99000,900,1.5e-05,5.11366e+06,-56192.7
8551.86,100000,900,1.5e-05,5.10571e+06,-55757
9162.71,0,890,1.4e-05,5.8e+06,-200000
9162.71,1000,890,1.4e-05,5.79113e+06,-200487
9162.71,2000,880,1.3e-05,5.78233e+06,-200896
9162.71,3000,880,1.3e-05,5.77364e+06,-201205
9162.71,4000,900,1.5e-05,5.76479e+06,-201667
9162.71,5000,900,1.5e-05,5.75574e+06,-202331
9162.71,6000,900,1.5e-05,5.74669e+06,-202994
9162.71,7000,900,1.5e-05,5.73765e+06,-203657
9162.71,8000,900,1.5e-05,5.7286e+06,-204321
9162.71,9000,900,1.5e-05,5.71955e+06,-204984
9162.71,10000,900,1.5e-05,5.7105e+06,-205647
9162.71,11000,900,1.5e-05,5.70145e+06,-206311
9162.71,12000,900,1.5e-05,5.6924e+06,-206974
9162.71,13000,900,1.5e-05,5.68335e+06,-207637
9162.71,14000,900,1.5e-05,5.6743e+06,-208300
9162.71,15000,900,1.5e-05,5.66526e+06,-208964
9162.71,16000,900,1.5e-05,5.65621e+06,-209627
9162.71,17000,900,1.5e-05,5.64716e+06,-210290
9162.71,18000,900,1.5e-05,5.63811e+06,-210954
9162.71,19000,900,1.5e-05,5.62906e+06,-211617
9162.71,20000,900,1.5e-05,5.62001e+06,-212280
9162.71,21000,900,1.5e-05,5.61096e+06,-212944
9162.71,22000,900,1.5e-05,5.60192e+06,-213607
9162.71,23000,900,1.5e-05,5.59287e+06,-214270
9162.71,24000,900,1.5e-05,5.58382e+06,-214933
9162.71,25000,900,1.5e-05,5.57477e+06,-215597
9162.71,26000,900,1.5e-05,5.56572e+06,-216260
9162.71,27000,900,1.5e-05,5.55667e+06,-216923
9162.71,28000,900,1.5e-05,5.54762e+06,-217587
9162.71,29000,900,1.5e-05,5.53857e+06,-218250
9162.71,30000,900,1.5e-05,5.52953e+06,-218913
9162.71,31000,900,1.5e-05,5.52048e+06,-219577
9162.71,32000,900,1.5e-05,5.51143e+06,-220240
9162.71,33000,900,1.5e-05,5.50238e+06,-220903
9162.71,34000,900,1.5e-05,5.49333e+06,-221566
9162.71,35000,900,1.5e-05,5.48428e+06,-222230
9162.71,36000,900,1.5e-05,5.47523e+06,-222893
9162.71,37000,900,1.5e-05,5.46619e+06,-223556
9162.71,38000,900,1.5e-05,5.45714e+06,-224220
9162.71,39000,900,1.5e-05,5.44809e+06,-224883
9162.71,40000,900,1.5e-05,5.43904e+06,-225546
9162.71,41000,900,1.5e-05,5.42999e+06,-226210
9162.71,42000,900,1.5e-05,5.42094e+06,-226873
9162.71,43000,900,1.5e-05,5.41189e+06,-227536
9162.71,44000,900,1.5e-05,5.40284e+06,-228200
9162.71,45000,900,1.5e-05,5.3938e+06,-228863
9162.71,46000,900,1.5e-05,5.38475e+06,-229526
9162.71,47000,900,1.5e-05,5.3757e+06,-230189
9162.71,48000,900,1.5e-05,5.36665e+06,-230853
9162.71,49000,900,1.5e-05,5.3576e+06,-231516
9162.71,50000,900,1.5e-05,5.34855e+06,-232179
9162.71,51000,900,1.5e-05,5.3395e+06,-232843
9162.71,52000,900,1.5e-05,5.33046e+06,-233506
9162.71,53000,900,1.5e-05,5.32141e+06,-234169
9162.71,54000,900,1.5e-05,5.31236e+06,-234833
9162.71,55000,900,1.5e-05,5.30331e+06,-235496
9162.71,56000,900,1.5e-05,5.29426e+06,-236159
9162.71,57000,900,1.5e-05,5.28521e+06,-236822
9162.71,58000,900,1.5e-05,5.27616e+06,-237486
9162.71,59000,900,1.5e-05,5.26711e+06,-238149
9162.71,60000,900,1.5e-05,5.25807e+06,-238812
9162.71,61000,900,1.5e-05,5.24902e+06,-239476
9162.71,62000,900,1.5e-05,5.23997e+06,-240139
9162.71,63000,900,1.5e-05,5.23092e+06,-240802
9162.71,64000,900,1.5e-05,5.22187e+06,-241466
9162.71,65000,900,1.5e-05,5.21282e+06,-242129
9162.71,66000,900,1.5e-05,5.20377e+06,-242792
9162.71,67000,900,1.5e-05,5.19473e+06,-243455
9162.71,68000,900,1.5e-05,5.18568e+06,-244119
9162.71,69000,900,1.5e-05,5.17663e+06,-244782
9162.71,70000,900,1.5e-05,5.16758e+06,-245445
9162.71,71000,900,1.5e-05,5.15853e+06,-246109
9162.71,72000,900,1.5e-05,5.14948e+06,-246772
9162.71,73000,900,1.5e-05,5.14043e+06,-247435
9162.71,74000,900,1.5e-05,5.13138e+06,-248099
9162.71,75000,900,1.5e-05,5.12234e+06,-248762
9162.71,76000,900,1.5e-05,5.11329e+06,-249425
9162.71,77000,900,1.5e-05,5.10424e+06,-250088
9162.71,78000,900,1.5e-05,5.09519e+06,-250752
9162.71,79000,900,1.5e-05,5.08614e+06,-251415
9162.71,80000,900,1.5e-05,5.07709e+06,-252078
9162.71,81000,900,1.5e-05,5.06804e+06,-252742
9162.71,82000,900,1.5e-05,5.059e+06,-253405
9162.71,83000,900,1.5e-05,5.04995e+06,-254068
9162.71,84000,900,1.5e-05,5.0409e+06,-254732
9162.71,85000,900,1.5e-05,5.03185e+06,-255395
9162.71,86000,900,1.5e-05,5.0228e+06,-256058
9162.71,87000,900,1.5e-05,5.01375e+06,-256721
9162.71,88000,900,1.5e-05,5.0047e+06,-257385
9162.71,89000,900,1.5e-05,4.99565e+06,-258048
9162.71,90000,900,1.5e-05,4.98661e+06,-258711
9162.71,91000,900,1.5e-05,4.97756e+06,-259375
9162.71,92000,900,1.5e-05,4.96851e+06,-260038
9162.71,93000,900,1.5e-05,4.95946e+06,-260701
9162.71,94000,900,1.5e-05,4.95041e+06,-261365
9162.71,95000,900,1.5e-05,4.94136e+06,-262028
9162.71,96000,900,1.5e-05,4.93231e+06,-262691
9162.71,97000,900,1.5e-05,4.92327e+06,-263355
9162.71,98000,900,1.5e-05,4.91422e+06,-264018
9162.71,99000,900,1.5e-05,4.90517e+06,-264681
9162.71,100000,900,1.5e-05,4.89612e+06,-265344
10995.2,0,880,1.3e-05,5.8e+06,-200000
10995.2,1000,890,1.4e-05,5.79123e+06,-200388
10995.2,2000,890,1.4e-05,5.78235e+06,-200875
10995.2,3000,880,1.3e-05,5.77356e+06,-201283
10995.2,4000,880,1.3e-05,5.76487e+06,-201593
10995.2,5000,900,1.5e-05,5.75602e+06,-202055
10995.2,6000,900,1.5e-05,5.74697e+06,-202718
10995.2,7000,900,1.5e-05,5.73792e+06,-203382
10995.2,8000,900,1.5e-05,5.72887e+06,-204045
10995.2,9000,900,1.5e-05,5.71982e+06,-204708
10995.2,10000,900,1.5e-05,5.71077e+06,-205372
10995.2,11000,900,1.5e-05,5.70173e+06,-206035
10995.2,12000,900,1.5e-05,5.69268e+06,-206698
10995.2,13000,900,1.5e-05,5.68363e+06,-207361
10995.2,14000,900,1.5e-05,5.67458e+06,-208025
10995.2,15000,900,1.5e-05,5.66553e+06,-208688
10995.2,16000,900,1.5e-05,5.65648e+06,-209351
10995.2,17000,900,1.5e-05,5.64743e+06,-210015
10995.2,18000,900,1.5e-05,5.63839e+06,-210678
10995.2,19000,900,1.5e-05,5.62934e+06,-211341
10995.2,20000,900,1.5e-05,5.62029e+06,-212005
10995.2,21000,900,1.5e-05,5.61124e+06,-212668
10995.2,22000,900,1.5e-05,5.60219e+06,-213331
10995.2,23000,900,1.5e-05,5.59314e+06,-213994
10995.2,24000,900,1.5e-05,5.58409e+06,-214658
10995.2,25000,900,1.5e-05,5.57504e+06,-215321
10995.2,26000,900,1.5e-05,5.566e+06,-215984
10995.2,27000,900,1.5e-05,5.55695e+06,-216648
10995.2,28000,900,1.5e-05,5.5479e+06,-217311
10995.2,29000,900,1.5e-05,5.53885e+06,-217974
10995.2,30000,900,1.5e-05,5.5298e+06,-218638
10995.2,31000,900,1.5e-05,5.52075e+06,-219301
10995.2,32000,900,1.5e-05,5.5117e+06,-219964
10995.2,33000,900,1.5e-05,5.50266e+06,-220628
10995.2,34000,900,1.5e-05,5.49361e+06,-221291
10995.2,35000,900,1.5e-05,5.48456e+06,-221954
10995.2,36000,900,1.5e-05,5.47551e+06,-222617
10995.2,37000,900,1.5e-05,5.46646e+06,-223281
10995.2,38000,900,1.5e-05,5.45741e+06,-223944
10995.2,39000,900,1.5e-05,5.44836e+06,-224607
10995.2,40000,900,1.5e-05,5.43931e+06,-225271
10995.2,41000,900,1.5e-05,5.43027e+06,-225934
10995.2,42000,900,1.5e-05,5.42122e+06,-226597
10995.2,43000,900,1.5e-05,5.41217e+06,-227261
10995.2,44000,900,1.5e-05,5.40312e+06,-227924
10995.2,45000,900,1.5e-05,5.39407e+06,-228587
10995.2,46000,900,1.5e-05,5.38502e+06,-229250
10995.2,47000,900,1.5e-05,5.37597e+06,-229914
10995.2,48000,900,1.5e-05,5.36693e+06,-230577
10995.2,49000,900,1.5e-05,5.35788e+06,-231240
10995.2,50000,900,1.5e-05,5.34883e+06,-231904
10995.2,51000,900,1.5e-05,5.33978e+06,-232567
10995.2,52000,900,1.5e-05,5.33073e+06,-233230
10995.2,53000,900,1.5e-05,5.32168e+06,-233894
10995.2,54000,900,1.5e-05,5.31263e+06,-234557
10995.2,55000,900,1.5e-05,5.30358e+06,-235220
10995.2,56000,900,1.5e-05,5.29454e+06,-235883
10995.2,57000,900,1.5e-05,5.28549e+06,-236547
10995.2,58000,900,1.5e-05,5.27644e+06,-237210
10995.2,59000,900,1.5e-05,5.26739e+06,-237873
10995.2,60000,900,1.5e-05,5.25834e+06,-238537
10995.2,61000,900,1.5e-05,5.24929e+06,-239200
10995.2,62000,900,1.5e-05,5.24024e+06,-239863
10995.2,63000,900,1.5e-05,5.2312e+06,-240527
10995.2,64000,900,1.5e-05,5.22215e+06,-241190
10995.2,65000,900,1.5e-05,5.2131e+06,-241853
10995.2,66000,900,1.5e-05,5.20405e+06,-242516
10995.2,67000,900,1.5e-05,5.195e+06,-243180
10995.2,68000,900,1.5e-05,5.18595e+06,-243843
10995.2,69000,900,1.5e-05,5.1769e+06,-244506
10995.2,70000,900,1.5e-05,5.16786e+06,-245170
10995.2,71000,900,1.5e-05,5.15881e+06,-245833
10995.2,72000,900,1.5e-05,5.14976e+06,-246496
10995.2,73000,900,1.5e-05,5.14071e+06,-247160
10995.2,74000,900,1.5e-05,5.13166e+06,-247823
10995.2,75000,900,1.5e-05,5.12261e+06,-248486
10995.2,76000,900,1.5e-05,5.11356e+06,-249149
10995.2,77000,900,1.5e-05,5.10451e+06,-249813
10995.2,78000,900,1.5e-05,5.09547e+06,-250476
10995.2,79000,900,1.5e-05,5.08642e+06,-251139
10995.2,80000,900,1.5e-05,5.07737e+06,-251803
10995.2,81000,900,1.5e-05,5.06832e+06,-252466
10995.2,82000,900,1.5e-05,5.05927e+06,-253129
10995.2,83000,900,1.5e-05,5.05022e+06,-253793
10995.2,84000,900,1.5e-05,5.04117e+06,-254456
10995.2,85000,900,1.5e-05,5.03213e+06,-255119
10995.2,86000,900,1.5e-05,5.02308e+06,-255782
10995.2,87000,900,1.5e-05,5.01403e+06,-256446
10995.2,88000,900,1.5e-05,5.00498e+06,-257109
10995.2,89000,900,1.5e-05,4.99593e+06,-257772
10995.2,90000,900,1.5e-05,4.98688e+06,-258436
10995.2,91000,900,1.5e-05,4.97783e+06,-259099
10995.2,92000,900,1.5e-05,4.96878e+06,-259762
10995.2,93000,900,1.5e-05,4.95974e+06,-260426
10995.2,94000,900,1.5e-05,4.95069e+06,-261089
10995.2,95000,900,1.5e-05,4.94164e+06,-261752
10995.2,96000,900,1.5e-05,4.93259e+06,-262416
10995.2,97000,900,1.5e-05,4.92354e+06,-263079
10995.2,98000,900,1.5e-05,4.91449e+06,-263742
10995.2,99000,900,1.5e-05,4.90544e+06,-264405
10995.2,100000,900,1.5e-05,4.8964e+06,-265069
12827.8,0,880,1.3e-05,5.7e+06,-300000
12827.8,1000,880,1.3e-05,5.69131e+06,-300310
12827.8,2000,890,1.4e-05,5.68253e+06,-300697
12827.8,3000,890,1.4e-05,5.67366e+06,-301184
12827.8,4000,880,1.3e-05,5.66487e+06,-301593
12827.8,5000,880,1.3e-05,5.65617e+06,-301902
12827.8,6000,900,1.5e-05,5.64732e+06,-302365
12827.8,7000,900,1.5e-05,5.63827e+06,-303028
12827.8,8000,900,1.5e-05,5.62923e+06,-303691
12827.8,9000,900,1.5e-05,5.62018e+06,-304355
12827.8,10000,900,1.5e-05,5.61113e+06,-305018
12827.8,11000,900,1.5e-05,5.60208e+06,-305681
12827.8,12000,900,1.5e-05,5.59303e+06,-306344
12827.8,13000,900,1.5e-05,5.58398e+06,-307008
12827.8,14000,900,1.5e-05,5.57493e+06,-307671
12827.8,15000,900,1.5e-05,5.56589e+06,-308334
12827.8,16000,900,1.5e-05,5.55684e+06,-308998
12827.8,17000,900,1.5e-05,5.54779e+06,-309661
12827.8,18000,900,1.5e-05,5.53874e+06,-310324
12827.8,19000,900,1.5e-05,5.52969e+06,-310988
12827.8,20000,900,1.5e-05,5.52064e+06,-311651
12827.8,21000,900,1.5e-05,5.51159e+06,-312314
12827.8,22000,900,1.5e-05,5.50254e+06,-312977
12827.8,23000,900,1.5e-05,5.4935e+06,-313641
12827.8,24000,900,1.5e-05,5.48445e+06,-314304
12827.8,25000,900,1.5e-05,5.4754e+06,-314967
12827.8,26000,900,1.5e-05,5.46635e+06,-315631
12827.8,27000,900,1.5e-05,5.4573e+06,-316294
12827.8,28000,900,1.5e-05,5.44825e+06,-316957
12827.8,29000,900,1.5e-05,5.4392e+06,-317621
12827.8,30000,900,1.5e-05,5.43016e+06,-318284
12827.8,31000,900,1.5e-05,5.42111e+06,-318947
12827.8,32000,900,1.5e-05,5.41206e+06,-319610
12827.8,33000,900,1.5e-05,5.40301e+06,-320274
12827.8,34000,900,1.5e-05,5.39396e+06,-320937
12827.8,35000,900,1.5e-05,5.38491e+06,-321600
12827.8,36000,900,1.5e-05,5.37586e+06,-322264
12827.8,37000,900,1.5e-05,5.36681e+06,-322927
12827.8,38000,900,1.5e-05,5.35777e+06,-323590
12827.8,39000,900,1.5e-05,5.34872e+06,-324254
12827.8,40000,900,1.5e-05,5.33967e+06,-324917
12827.8,41000,900,1.5e-05,5.33062e+06,-325580
12827.8,42000,900,1.5e-05,5.32157e+06,-326243
12827.8,43000,900,1.5e-05,5.31252e+06,-326907
12827.8,44000,900,1.5e-05,5.30347e+06,-327570
12827.8,45000,900,1.5e-05,5.29443e+06,-328233
12827.8,46000,900,1.5e-05,5.28538e+06,-328897
12827.8,47000,900,1.5e-05,5.27633e+06,-329560
12827.8,48000,900,1.5e-05,5.26728e+06,-330223
12827.8,49000,900,1.5e-05,5.25823e+06,-330887
12827.8,50000,900,1.5e-05,5.24918e+06,-331550
12827.8,51000,900,1.5e-05,5.24013e+06,-332213
12827.8,52000,900,1.5e-05,5.23108e+06,-332876
12827.8,53000,900,1.5e-05,5.22204e+06,-333540
12827.8,54000,900,1.5e-05,5.21299e+06,-334203
12827.8,55000,900,1.5e-05,5.20394e+06,-334866
12827.8,56000,900,1.5e-05,5.19489e+06,-335530
12827.8,57000,900,1.5e-05,5.18584e+06,-336193
12827.8,58000,900,1.5e-05,5.17679e+06,-336856
12827.8,59000,900,1.5e-05,5.16774e+06,-337520
12827.8,60000,900,1.5e-05,5.1587e+06,-338183
12827.8,61000,900,1.5e-05,5.14965e+06,-338846
12827.8,62000,900,1.5e-05,5.1406e+06,-339510
12827.8,63000,900,1.5e-05,5.13155e+06,-340173
12827.8,64000,900,1.5e-05,5.1225e+06,-340836
12827.8,65000,900,1.5e-05,5.11345e+06,-341499
12827.8,66000,900,1.5e-05,5.1044e+06,-342163
12827.8,67000,900,1.5e-05,5.09535e+06,-342826
12827.8,68000,900,1.5e-05,5.08631e+06,-343489
12827.8,69000,900,1.5e-05,5.07726e+06,-344153
12827.8,70000,900,1.5e-05,5.06821e+06,-344816
12827.8,71000,900,1.5e-05,5.05916e+06,-345479
12827.8,72000,900,1.5e-05,5.05011e+06,-346143
12827.8,73000,900,1.5e-05,5.04106e+06,-346806
12827.8,74000,900,1.5e-05,5.03201e+06,-347469
12827.8,75000,900,1.5e-05,5.02297e+06,-348132
12827.8,76000,900,1.5e-05,5.01392e+06,-348796
12827.8,77000,900,1.5e-05,5.00487e+06,-349459
12827.8,78000,900,1.5e-05,4.99582e+06,-350122
12827.8,79000,900,1.5e-05,4.98677e+06,-350786
12827.8,80000,900,1.5e-05,4.97772e+06,-351449
12827.8,81000,900,1.5e-05,4.96867e+06,-352112
12827.8,82000,900,1.5e-05,4.95962e+06,-352776
12827.8,83000,900,1.5e-05,4.95058e+06,-353439
12827.8,84000,900,1.5e-05,4.94153e+06,-354102
12827.8,85000,900,1.5e-05,4.93248e+06,-354765
12827.8,86000,900,1.5e-05,4.92343e+06,-355429
12827.8,87000,900,1.5e-05,4.91438e+06,-356092
12827.8,88000,900,1.5e-05,4.90533e+06,-356755
12827.8,89000,900,1.5e-05,4.89628e+06,-357419
12827.8,90000,900,1.5e-05,4.88724e+06,-358082
12827.8,91000,900,1.5e-05,4.87819e+06,-358745
12827.8,92000,900,1.5e-05,4.86914e+06,-359409
12827.8,93000,900,1.5e-05,4.86009e+06,-360072
12827.8,94000,900,1.5e-05,4.85104e+06,-360735
12827.8,95000,900,1.5e-05,4.84199e+06,-361398
12827.8,96000,900,1.5e-05,4.83294e+06,-362062
12827.8,97000,900,1.5e-05,4.82389e+06,-362725
12827.8,98000,900,1.5e-05,4.81485e+06,-363388
12827.8,99000,900,1.5e-05,4.8058e+06,-364052
12827.8,100000,900,1.5e-05,4.79675e+06,-364715
